{
  "GenHlth": 0.23255521017756967,
  "HighBP": 0.1861870766578583,
  "BMI": 0.1768388772373482,
  "Age": 0.13065990206464587,
  "HighChol": 0.08964387659192247,
  "DiffWalk": 0.05421852589366945,
  "HeartDiseaseorAttack": 0.032889088312941336,
  "PhysActivity": 0.01877396656137255,
  "Sex": 0.01810302710342945,
  "HvyAlcoholConsump": 0.015571137814717237,
  "Fruits": 0.01519590780044703,
  "Smoker": 0.01517682725972624,
  "Veggies": 0.01418657652435224
}